{
    "name": "CyanAudit",
    "abstract": "DML logging tool for PostgreSQL",
    "description": "Cyan Audit provides in-database logging of all DML activity on a column-by-column basis",
    "version": "0.9.4",
    "maintainer": "Moshe Jacobson <moshe@neadwerx.com>",
    "license": "postgresql",
    "provides": {
        "cyanaudit": {
            "file": "sql/cyanaudit.sql",
            "docfile": "doc/cyanaudit.md",
            "version": "0.9.4",
            "abstract": "Cyan Audit core extension" 
        }
    },
    "meta-spec": {
        "version": "1.0.0",
        "url": "http://pgxn.org/meta/spec.txt"
    },
    "tags": [ 
        "audit",
        "auditing",
        "audit log",
        "audit logging",
        "audit trail",
        "cyan audit",
        "cyanaudit",
        "DML log",
        "forensics",
        "forensic logging",
        "logger",
        "logging",
        "transaction history",
        "trigger-based logging"
    ],
    "prereqs": {
        "runtime": {
            "requires": {
                "PostgreSQL": "9.1.7"
            },
            "recommends": {
                "PostgreSQL": "9.3.3"
            }
        }
    },
    "release_status": "testing",
    "resources": {
        "homepage": "http://cyanaudit.neadwerx.com"
    }
}
